SOURCE_ID,densidad_e,Porc_Plaza,Temperatur,Renta,Tasa_Centr,Esperanza_,Tasa_Fecun,saldo_neto,pob_extr,porc_extr,Shape_Leng,Shape_Area,INTRCPT,SE_INTRCPT,C_PORC_PLA,SE_PORC_PL,C_TEMPERAT,SE_TEMPERA,C_RENTA,SE_RENTA,C_TASA_CEN,SE_TASA_CE,C_ESPERANZ,SE_ESPERAN,C_TASA_FEC,SE_TASA_FE,C_SALDO_NE,SE_SALDO_N,C_POB_EXTR,SE_POB_EXT,C_PORC_EXT,SE_PORC_EX,PREDICTED,RESIDUAL,STDRESID,INFLUENCE,COOKS_D,CND_NUMBER,LOCALR2,NUM_NEIGHS,name
0,39.7081,2.5214,17.3,28312,7.26455,21.19,7.78,-2106,220035,18.0442,6.92734563513,0.526923377101,754.947452105,523.69873433,-10.4202991214,9.33809848394,10.1624205205,9.50952005938,0.0123945079889,0.00351385011226,0.854521715984,0.536903746016,-59.6096247541,20.2537846651,6.7270112267,15.4531907069,-0.00231483511924,0.00490325250526,-0.0000365801044453,0.000119567838804,1.29222099033,3.15306142204,70.9560065181,-31.2479071528,-1.37635912955,0.729064093738,0.250608654959,323110206.579,0.839003896465,44,Illes Balears
1,25.2798,5.43931,12.1,26084,8.61725,20.34,4.7,1325,45321,4.47386,6.89198471046,1.15485542429,-285.083221326,513.971732405,-2.53125530763,8.03702557237,9.69631381425,10.8148620791,0.00578923150859,0.00397271890992,0.172325451066,0.499131719995,6.30754496708,20.2806351878,-13.0781418992,19.5070318453,-0.00225666707953,0.00638556755547,0.0000357876614084,0.000163780918571,-0.0972674455019,4.12995012975,35.9900722409,-10.7102718258,-0.353153566263,0.51653835718,0.00655090242031,160417267.099,0.762939610596,44,Asturias
2,35.5435,2.46315,13.4,24613,6.33391,21.53,5.75,1754,43052,3.83775,7.21448312354,0.885873875126,-319.519837855,521.822009986,-1.9649023168,7.65223173791,8.52618695448,11.2108258897,0.00552778187521,0.00418918956953,0.137975579928,0.507035211534,8.38184642171,20.5047873275,-11.8241704216,20.4149729617,-0.00125966376756,0.00650475630491,0.0000600010722914,0.000166629226391,0.113219741515,4.53783947044,40.1008393556,-4.55734036272,-0.128689439051,0.340787637309,0.000420898800597,164601761.186,0.695076639629,44,A Coruña
3,24.4684,3.73907,14.2,27005,18.2563,20.75,8.23,3790,160435,20.7328,5.50436249119,0.65317388145,-49.8954046783,503.612261104,-3.13784061182,8.93471821264,2.17150028382,8.95952104876,0.00349902990873,0.00390828557339,0.0557124956538,0.541049106487,2.08999720525,22.0301348145,-10.2852422622,14.2757444607,-0.0006255217057,0.00498803128652,0.000109844513502,0.000123134015015,-0.880909872462,3.23728241752,20.4240525202,4.04434652763,0.117374829138,0.375927561826,0.000407992797085,328570815.169,0.706506506302,44,Girona
4,45.0994,1.62891,19.7,24506,6.98027,20.53,6.11,-946,146721,12.7365,5.29247750729,0.369080153235,-858.774207592,544.601637023,11.8336770231,7.21696043368,-6.01211279667,7.62584587889,0.0385615172638,0.00390430724656,-1.89203386476,0.597231095578,-6.85202400567,20.1867256192,33.4674677587,12.6224731684,-0.0142358602242,0.00482744707387,-0.000926381232813,0.000124773492557,13.7061876424,2.93998964929,89.7753687599,-44.6759691932,-1.91448158982,0.713757704462,0.449316923174,414832919.588,0.944382891057,44,Las Palmas
5,48.6812,2.26531,13.6,23240,5.43821,21.72,5.99,1205,37800,4.00683,5.13428338922,0.486900759075,-312.941600451,520.115139498,-1.88453031188,7.48645916697,7.82376433447,11.305820662,0.00533097893308,0.00425196142759,0.124657501569,0.50457208579,8.38888578725,20.3402989912,-10.7870832303,20.5382047691,-0.000849875699631,0.0064129434687,0.0000698320017657,0.0001654433314,0.14164390196,4.65671206903,33.5374760798,15.1437220403,0.426480646059,0.337242221145,0.004550081193,167824950.236,0.669184901662,44,Pontevedra
6,58.6173,2.18079,17,22901,7.72006,21.33,5.62,511,145821,13.348,4.64409334644,0.313244859059,-921.808358182,548.930544045,11.3691477521,7.1916887938,-7.49876285089,7.59245226792,0.0377829350764,0.00394561481181,-1.85250305015,0.598721224945,-2.39329894866,20.4463960996,35.9943299121,12.8354882015,-0.0149052730416,0.00493877112787,-0.000946544830961,0.000126915372841,14.0002978134,2.98517130656,18.9442827138,39.6730154124,1.34213457014,0.540710490918,0.104256653487,474558832.461,0.939809321524,44,Santa Cruz De Tenerife
7,24.8743,4.73949,12,25691,12.693,21.03,5.85,2622,35896,6.14759,5.71265088198,0.588500428593,-258.117066762,491.973490691,-2.67401980289,7.7879139857,10.1917334333,10.2173804246,0.00573283719464,0.00372592082878,0.178732153479,0.474746330056,5.04828371001,19.2993352438,-13.6825098792,18.0950341166,-0.00307727671506,0.00586827410178,0.0000205559823793,0.000150641686785,-0.132026932771,3.68431015507,19.0415507218,5.83274928126,0.156324506126,0.268219695665,0.000440349455824,174792490.144,0.779486840411,44,Cantabria
8,41.8316,2.45794,17.2,23248,6.74035,20.25,7.42,2881,270206,15.9296,5.14025808093,0.735777455351,-638.360343891,547.407846481,5.74216855381,7.05366183922,37.6925197775,10.8032937567,0.0379404906676,0.00411287781289,0.170048309896,0.507822396477,-37.6521044341,19.4178952969,-14.3286778474,17.2030914214,-0.0175938315381,0.00484734567889,-0.000821340204266,0.000133965890306,15.7011967216,3.4083104492,15.9726376766,25.8589625126,0.772054079081,0.410321927348,0.0203910023842,196949083.72,0.948711698606,44,Málaga
9,12.8954,3.21589,16.7,20144,20.0606,20.19,9.59,-306,154595,21.4525,4.99073674919,0.89307391397,214.500955819,484.423681235,-0.711982869016,7.12727499482,39.12687303,10.0098196783,0.0295668765576,0.00344815605959,1.20078253616,0.501006196312,-77.4951349131,17.2586557557,1.16093446491,15.8934860852,-0.00982253328876,0.00447936826299,-0.000448873009514,0.000114207857775,10.1505127103,2.99551865374,83.186273008,-70.2908729607,-2.63093564041,0.624797559319,0.566666452374,176365989.616,0.944777981247,44,Almería
10,21.5369,2.25922,16.9,22994,11.9425,20.44,9.08,334,222217,14.6856,5.81586692251,1.16585526286,495.09568534,464.659798045,-6.29876550818,7.33352825115,37.0419907923,9.11636394255,0.0259972901775,0.00329172088245,1.56596031871,0.484939628853,-85.491513932,16.8010602792,3.86310200649,15.6284999,-0.00628363825851,0.00440876834261,-0.000299278835244,0.000110601433037,7.30514202271,2.94444452363,49.665382066,-28.1284824994,-0.808543732115,0.363829090644,0.0183807838926,182962745.826,0.92892505356,44,Murcia
11,5.03283,4.76901,14.9,21640,25.2962,19.32,7.13,16,26324,6.76849,6.87593302379,1.54736307966,88.534554271,475.143611673,-5.53726240475,7.41561820625,33.9598544725,9.1825517361,0.0215991364071,0.00327286081693,1.27119132371,0.477924914275,-54.0967827215,17.3588529657,-3.3772110236,15.8029832509,-0.0062767900568,0.00462244773141,-0.000252753265576,0.000116622789034,5.40419356959,3.07185154332,28.2857173602,-23.2528871219,-0.62088687606,0.262746172444,0.00675425894755,198568228.763,0.862498931002,44,Albacete
12,5.08087,8.69661,12.1,20378,86.7949,20.48,5.6,1334,10472,6.57975,5.37957585787,0.854300733835,-168.736327289,450.703563879,-1.48601791625,6.76868663885,5.02894919728,9.90646276555,0.0042858904702,0.00365920962172,0.0710517163123,0.450185546867,3.62828029061,17.7248788457,-8.61891239463,17.3681077846,-0.000290618428112,0.00551610738894,0.0000931550654076,0.00015089372194,-0.0454936704998,3.84552887156,-0.974788498391,6.05565864991,0.156046938308,0.208409637275,0.000315181841091,193730322.768,0.653763185247,44,Ávila
13,23.7013,4.45395,12,30410,8.75231,21.46,7.26,-37,32416,9.83197,5.54728125339,0.33003939166,-244.496805224,482.770940293,-2.39881843698,7.82330232206,9.99304138398,10.0341375514,0.00554902191049,0.00368980131459,0.162870993121,0.479744740243,4.78192336817,19.0505325054,-14.11205878,17.2966624263,-0.0032648732568,0.00566203495416,0.0000211469072922,0.000144452380629,-0.031363348354,3.60500901297,35.5711839464,-11.8698842791,-0.327358922068,0.308912822143,0.0023549671211,203602680.194,0.782245521519,44,Araba/Álava
14,6.1002,4.99635,17.1,19939,18.7532,19.94,7.37,220,21030,3.1408,9.75647573559,2.2539176136,-581.582235001,522.530214805,0.662012620212,6.77658520516,21.7612005175,10.3750028738,0.0308237321227,0.00434474834772,-0.0892479382654,0.465743821197,-17.850795227,18.3856900999,-10.8460847006,18.0829131995,-0.015557158139,0.0050704779983,-0.000702098326943,0.000144621399538,10.61588678,3.75552704215,-13.9631756876,20.0633758638,0.528955224399,0.243762122638,0.0044338296508,210992309.397,0.906770323292,44,Badajoz
15,66.6237,2.32435,17.1,22087,7.48291,20.67,7.06,1756,374618,19.7713,4.36133368433,0.611178123708,771.733353051,469.683705737,-11.1681920802,7.98911723592,29.9727652727,8.48816890963,0.0218880072097,0.0032957176431,1.6862290939,0.493177345694,-88.7654489712,17.3980449667,6.69378683932,15.6244381227,-0.00311189764881,0.00447573096697,-0.000162249933062,0.000111707929738,4.86341924157,3.00188208476,-3.24664413532,69.8703471382,2.38319559753,0.548191231358,0.338789693009,211424881.417,0.898243546188,44,Alacant/Alicante
16,13.2406,5.89414,11.9,20887,12.1497,21.38,4.78,848,15633,5.12274,5.23423071689,0.793561233709,-306.261001574,514.171657957,-1.89367159888,7.51711145688,7.90870953243,11.2772174178,0.00532095870071,0.00421146762586,0.127873706332,0.501720315261,8.09834660893,20.1677934162,-11.0885765316,20.3628884733,-0.000756877366434,0.00640075983428,0.0000723015500462,0.000164806959531,0.14554688786,4.60648980338,10.7568678557,2.48373177652,0.0747023544673,0.418929220615,0.000197794213454,164948079.461,0.688012644509,44,Ourense
17,141.214,4.27929,14.4,31874,5.71794,20.16,7.55,-16298,883558,15.6712,5.76122150782,0.835343796664,-52.7565011326,505.863998123,-3.0581646941,8.94347628008,2.07985870144,8.96813558402,0.00336806668506,0.00394412738527,0.0510269440165,0.542783518053,2.42157425035,22.1641187005,-10.2670892276,14.3855603625,-0.000577496025496,0.00493430342665,0.000111896486791,0.000122195389632,-0.878989036528,3.21343730677,137.558880066,3.65512445045,0.139103821773,0.637077041803,0.00166989444939,314496687.472,0.696732997271,44,Barcelona
18,6.0007,7.75168,11.4,25159,76.0243,20.78,6.1,420,28626,8.07554,9.44811439815,1.57138158173,-243.553383372,474.90138978,-2.29973318017,7.49351025618,9.69075369641,10.0494115663,0.0057191804683,0.00368948588222,0.168014636401,0.472491727308,4.53284612552,18.6567396031,-13.6721363927,17.3424057489,-0.00260809942275,0.00565009138987,0.0000313869485087,0.000145909849697,-0.157213443149,3.62131980266,15.0824786242,-9.08177862724,-0.220661990583,0.109620834364,0.000294717932404,177233641.366,0.777312884402,44,Burgos
19,4.53347,8.85968,16.4,19761,33.4181,19.73,6.27,62,13637,3.51085,8.54696969656,2.08665030761,26.1156232208,455.466184865,-5.07769794612,6.47297731754,7.63584003869,9.93219211031,0.0130582041533,0.00377590056782,0.209895139052,0.437132259394,-17.2084632968,16.3594291071,-5.50124268212,17.299637412,-0.00454967840228,0.0051778339117,-0.00014096428795,0.000147202955728,0.751604059637,3.72937397678,-2.16731965476,6.70078980857,0.217481439696,0.501005428547,0.00233466403758,194186243.443,0.786838158286,44,Cáceres
20,28.961,2.52054,18,23319,6.8223,19.41,7.26,2040,49470,3.93176,5.60601399349,0.750222493282,-821.877736585,552.186326658,6.58789959847,7.03264451748,33.8877613802,10.6853065026,0.040328429165,0.00425037302015,-0.262621703632,0.499878357116,-26.2725670014,19.5006800268,-18.1588008849,17.6180353489,-0.0197939397354,0.00490443885792,-0.000943152683124,0.000136160707845,17.3739708681,3.52939204914,82.8234529677,-53.8624525252,-1.4902085777,0.313301086637,0.0498107456651,204087753.245,0.950056946241,44,Cádiz
21,17.243,2.68906,15.1,23853,16.3659,20.77,7.24,2298,88992,15.4248,4.38513528315,0.706100588496,14.0970124397,465.513871315,-3.15856101148,8.07576605611,3.52937882634,8.24188014968,0.00414059288325,0.00371554998215,0.130529631203,0.51200704654,-4.3133144473,19.954151624,-6.63173106711,14.5260738884,-0.000936952287629,0.00453112315201,0.0000882192506915,0.000115213511098,-0.391871935617,2.96801356325,21.8507415638,-4.60774153333,-0.119538327385,0.219001680569,0.000196990409086,236036296.113,0.640393788184,44,Castelló/Castellón
22,5.0321,6.18951,15.8,21575,14.9447,18.79,6.94,251,31023,6.30466,8.62701281496,2.05832657528,-197.7200248,487.595908126,-1.97209975035,6.77075640252,30.5786710066,9.81819068768,0.0244414714843,0.00349379852506,0.796404693301,0.456512237934,-38.4159777539,17.3880355028,-8.69184778078,15.9805718673,-0.00966051513199,0.0046825292269,-0.000400796560718,0.00012427608344,6.94969056933,3.2099590526,59.2424815462,-54.2103813456,-1.53411472736,0.343646998286,0.0605792847898,181712283.562,0.882197290932,44,Ciudad Real
23,9.09114,3.89343,16.5,19383,16.5452,19.7,7.22,-1292,16413,2.62236,5.60011100877,1.38295142439,-388.577717206,527.516704049,1.40343678928,7.04085644262,41.0801830487,10.6766194898,0.0326840355628,0.00381711425863,0.831968222488,0.491854240361,-48.0568874777,18.6073776251,-9.47001440572,16.6087661635,-0.013258853796,0.00474594786584,-0.000600619960198,0.000127879645597,11.644144999,3.24331126076,-35.2973900964,44.3885298898,1.19804978343,0.278427417594,0.027227959173,189086386.607,0.932333942185,44,Jaén
24,11.1711,3.66882,17.2,20836,10.1406,20.36,7.21,-1390,22512,2.88192,6.21049793161,1.4093085431,-632.858043944,536.725423874,3.72741934392,6.9309868372,34.846268277,10.4768709816,0.0353967030567,0.0040976530331,0.257221485122,0.485820791491,-32.3488375464,19.0351041731,-12.7614408491,17.0450302953,-0.0163730576412,0.00480703298663,-0.000756528658467,0.000133122419141,13.4926964444,3.39863599671,14.2872212613,-3.11612159855,-0.0874822449169,0.333074713254,0.000187904725094,192207531.71,0.934693927998,44,Córdoba
25,2.61219,8.06289,13.7,20109,63.2077,19.41,6,491,22131,11.1199,6.76726527108,1.80584659663,-100.7915064,460.058242922,-1.43867451273,7.56742072132,2.84319512164,9.26325625442,0.00257307740716,0.00398869904314,0.036290801989,0.514776029115,3.43834013385,19.4514744084,-7.50022222716,15.4356546138,-0.000456706490833,0.00491338070375,0.000112709780157,0.00013033586277,-0.24041239012,3.23545298957,1.92988716061,0.682302847556,0.0203620854785,0.409801523099,0.0000141531588375,226653298.541,0.442743512859,44,Cuenca
26,13.432,3.16234,14.8,22177,19.1907,19.69,7.61,1064,65155,7.01882,6.22706803104,1.28393112267,-248.811076482,520.558398711,2.30054955021,7.08855644583,40.8728547643,10.6837194368,0.0333028754707,0.0037549709373,0.823173668764,0.507624898297,-57.2029741271,18.4278898442,-6.73841949202,16.5057714729,-0.013325504107,0.00469209618718,-0.000608136913948,0.000124828016705,12.4263495223,3.18123937865,-26.4517029679,39.8837031281,1.26155184727,0.474625522008,0.0706847470849,186083874.722,0.944264147717,44,Granada
27,3.50295,9.34673,12.5,25352,96.5292,19.98,7.4,2787,35509,13.3835,6.92585715981,1.3113788709,-177.021665144,453.077515494,-1.65172976695,7.41163540443,6.5461024639,9.53214040991,0.00452274443022,0.00396660362238,0.109114672922,0.513403751233,3.69244652029,19.1892029019,-11.2066039395,15.5779411352,-0.00122344295625,0.00513628410889,0.0000754013642912,0.000133805802051,-0.180297262545,3.4679486626,2.26060439306,1.24234556002,0.0350471686556,0.339508585524,0.0000310400810013,222077338.692,0.688286806196,44,Guadalajara
28,83.349,3.45753,13.3,32086,6.72601,21.23,7.01,-80,60285,8.41635,2.40684104522,0.22128101692,-231.117893458,483.688114565,-2.50902072596,8.07851937778,9.645626753,9.79124038464,0.00540628137198,0.00370263019697,0.155442464402,0.486708463106,4.52865901139,19.2543075862,-13.8976072142,17.1942284389,-0.00338467498198,0.00562717787341,0.0000216812164139,0.000142595849608,-0.063789079279,3.57750726195,62.7675352349,20.5814637885,0.559735811233,0.289319235257,0.00627050211601,221741448.929,0.785232509031,44,Gipuzkoa/Guipúzcoa
29,8.95774,2.61342,18,19830,14.5496,19.96,8,412,47380,8.93312,5.56307587431,1.04966479997,-850.393870709,530.10161258,4.25457339767,6.81654313651,27.5571407661,10.3243174898,0.0385254203125,0.00424546134373,-0.43299386295,0.472638905332,-16.5517455909,18.5953508401,-17.5432554491,17.9033993015,-0.0207075521507,0.00495461905546,-0.000966101753758,0.000137626776946,16.4554428175,3.63435355916,36.3870063805,-27.4292665505,-0.739912787024,0.277636899311,0.0103446566827,204296942.303,0.942221580542,44,Huelva
30,3.21668,6.91705,12.7,23907,66.0092,20.96,6.73,1367,27825,12.5633,6.86366209827,1.71541427593,-108.016131721,472.499668343,-2.67284012299,8.45647412067,4.61658200219,8.48201537292,0.00426498481077,0.00382124377343,0.0883836398487,0.520948080454,2.52817236644,20.4983646805,-11.4041455686,14.5426809051,-0.00133351850748,0.00485367258571,0.0000847188234381,0.000121037499874,-0.620568644557,3.25141338674,8.9019976043,-5.6853175544,-0.143469994926,0.174578992004,0.000214028700124,266758118.67,0.741323978708,44,Huesca
31,8.00815,6.15989,10.6,23202,63.7147,20.51,4.98,208,20345,4.47078,7.25110850327,1.71836927264,-280.353714848,506.674020658,-2.38196200744,7.85959860512,9.24516962304,10.9218157014,0.00572249607106,0.00400142426645,0.166158614923,0.497936987166,6.25472227316,19.9759461208,-12.7492207039,19.4837794075,-0.001685373757,0.00635050214902,0.0000489113640078,0.000163100874792,-0.0844909333578,4.20445757513,11.3926017572,-3.38445165652,-0.0983821272428,0.37793976247,0.000289105228366,158973803.781,0.761733087283,44,León
32,7.0654,5.67558,12.3,24901,36.9767,20.64,7.8,1441,79833,18.2721,6.72017841082,1.31813149085,-74.4032606233,481.361908629,-2.87795081771,8.55028244059,3.16034012128,8.58435227409,0.00380444093955,0.00382234324929,0.0679280685934,0.527217636983,2.22716061552,21.0187034663,-10.5321831527,14.1910203505,-0.000869554386895,0.00484151946695,0.000100494506003,0.000120339620183,-0.777702284521,3.19113348885,1.75808184571,5.30731827789,0.158304284793,0.409182765969,0.000853262978842,283304556.904,0.715710421018,44,Lleida
33,13.4379,4.74821,12.2,26100,29.3536,20.56,7.33,327,40210,12.7168,4.79964800054,0.549147851636,-238.675570127,486.81902047,-2.13317165411,8.06526459203,9.80466104054,10.2068009565,0.00549868592303,0.00384736743836,0.156385278736,0.497369551917,4.61447188659,19.5150483916,-14.1729890549,17.3472442101,-0.00306133344853,0.00565031795217,0.0000261128421606,0.000144197062469,-0.0524855995828,3.73723499395,9.28574257465,4.15215701489,0.116730371549,0.334928971384,0.00033735395499,217364461.475,0.781104067469,44,La Rioja
34,2.18581,11.0756,11.3,22720,158.033,20.27,6.61,146,8271,9.24578,5.93185626639,1.1110924693,-220.658512616,476.549138047,-1.80273662437,7.82139719432,8.84729415015,10.0347115937,0.00535669305904,0.00395580692378,0.143651490366,0.504600175555,4.19441730699,19.5763675066,-13.5986500704,16.6604042317,-0.00226373728486,0.00546075801664,0.0000449681058223,0.000140217469595,-0.120293151909,3.70227082134,-2.18174973742,4.36755982653,0.151427596409,0.562723743109,0.00145071728368,220901959.225,0.764847590394,44,Soria
35,12.7464,4.60785,13,33106,21.8199,21.07,7.66,799,70666,10.7432,6.65025766154,1.14534504863,-212.219843755,495.37511826,-2.390723864,8.69723662883,8.95158192997,9.81423962931,0.00518585289757,0.00395333096327,0.141326313783,0.515980538832,4.29699532341,20.3567796171,-13.8458513205,17.2954956852,-0.00316248387619,0.00557234014957,0.0000303639674911,0.000140183489695,-0.129786942472,3.72063594359,50.6042158731,-37.8578159936,-1.07761345252,0.351256032121,0.030910771975,252847836.042,0.786005084901,44,Navarra
36,533.7,2.04235,18.9,30209,2.81057,18.05,10.04,-1116,5705,6.83217,0.227941877182,0.00196661363872,-750.88988049,558.179467652,7.18244065387,7.13139825735,36.0891460602,10.9321937783,0.040187537628,0.00423624251494,-0.141039203909,0.520723304854,-32.362937094,19.7989607493,-17.1497173494,17.5887878303,-0.0191060014805,0.00491766075859,-0.000909331944657,0.000136931148332,17.3726894202,3.50714005425,537.986523146,-4.28651093922,-0.137422073527,0.488573641244,0.000886938085395,210489598.772,0.952578633048,44,Ceuta
37,9.74554,4.22271,12.2,20708,9.57815,21.38,5.13,786,16153,4.94526,5.48605313935,1.0918846297,-307.953078698,519.827396414,-2.13846645713,7.80856090225,8.86628088531,11.1941381344,0.00561748294729,0.00414372608082,0.149683391424,0.507881624975,7.7002991054,20.4916184523,-12.2832951978,20.2687336996,-0.00141373643361,0.00654596862691,0.0000558071838217,0.000167080530671,0.0627572999034,4.4648646543,10.6656396638,-0.920099998529,-0.0257417262371,0.328442884914,0.0000159325621889,161151977.865,0.725963261433,44,Lugo
38,152.117,4.30725,14.4,35067,4.15166,20.09,7.75,-20836,995714,14.7453,5.99092076532,0.845068817409,-146.484779018,435.759850577,-1.40067499099,6.85283380022,5.31768534228,9.38543800755,0.00429838043176,0.00376997134435,0.0824110888713,0.481802719676,2.52006346669,18.0600049241,-9.33199949585,15.8042613828,-0.000627188307288,0.00510719340155,0.0000875351250467,0.000137528301321,-0.0810053031885,3.47700393741,152.468956803,-0.351952408012,-0.0633395342867,0.983770453688,0.0119555761901,198255623.724,0.649981207801,44,Madrid
39,5.11873,10.3892,11.4,23140,77.1545,19.66,5.89,59,7166,4.51846,5.86747456728,0.86602862592,-253.485955275,483.83743619,-2.3913315064,7.56600560988,9.44892440032,10.3334369877,0.0057741128514,0.00378896476471,0.17137019985,0.477190989023,4.94702996543,18.997837653,-13.1498986278,18.0929588804,-0.00212548188736,0.00588412373485,0.0000396392822757,0.000152807929503,-0.207452081935,3.79057412693,-4.75029357148,9.86902363969,0.296351356234,0.417061459037,0.0030890469645,162753570.599,0.774223952662,44,Palencia
40,7.11328,8.3211,12.7,22926,51.2243,20.73,5.49,199,14983,4.56857,6.15053745763,1.31651295043,-223.26340454,469.759719353,-1.66459978014,6.91735984501,5.46059032675,10.5447382976,0.00443846283773,0.00394696344684,0.0793810652491,0.459696380099,5.85503805786,18.2403149663,-8.5336900975,18.7361140851,-0.000125821758482,0.00579371463105,0.0000941212942678,0.000157110158097,0.0166498010505,4.20012078498,14.0434546782,-6.93017485867,-0.17772582352,0.200763067925,0.000390070165438,182948672.392,0.620671472582,44,Salamanca
41,4.99971,8.58885,12.4,22805,91.6106,19.68,6.18,879,17965,11.6526,4.52007413362,0.740638152263,-194.943725057,452.765841858,-1.74388123473,7.11870579148,7.61433094243,10.0139443913,0.00544823353884,0.00381224138185,0.136728003826,0.48386140669,3.0072537326,18.1172825154,-11.9554253308,17.1093821806,-0.000955173121603,0.00563284359875,0.0000694513464135,0.000147996507625,-0.215375149541,3.82667415501,4.46538573893,0.534324344074,0.0148894092214,0.323070844904,0.00000520167081878,187413039.715,0.764022845532,44,Segovia
42,23.6717,2.7533,18.3,24286,6.41072,19.67,7.94,595,76287,3.89093,7.249016236,1.42368831732,-804.409548296,545.054900796,5.35087515059,6.94766582774,32.3672865275,10.512662268,0.038755674673,0.00424556523401,-0.182996827515,0.487713041694,-24.2093512053,19.263556422,-16.5173886789,17.5581769474,-0.0191889363084,0.00488523709908,-0.000905307135888,0.00013595946112,16.0899233345,3.52465195415,117.469683167,-93.7979836434,-2.51610332179,0.269503243085,0.114824887886,198575847.539,0.943697891788,44,Sevilla
43,8.28517,8.34439,15.8,21765,19.1608,19.52,7.73,5207,71967,10.2207,8.18232521462,1.61044192214,-70.1334763977,466.068122798,-1.51234816433,6.76187544324,3.38538994483,9.97504039433,0.00341305013449,0.0042505666684,0.0769823863255,0.465295094623,-0.132015809724,18.4870905673,-5.63521394274,16.2312708864,-0.000351857142817,0.00498212213593,0.000101693726797,0.000143353347842,-0.159251500794,3.44453746773,4.21780084863,4.06736875281,0.177370330692,0.723590240159,0.00404887773681,210201255.455,0.456860000825,44,Toledo
44,25.4261,3.75388,16.1,25966,15.5996,20.61,7.59,4366,136793,16.6583,5.40492305822,0.678064016392,-65.0358727108,487.209493571,-2.71356692657,8.52033228063,2.13738564552,8.67109126797,0.00317612456209,0.00387666207792,0.0419232445936,0.53031926078,2.91286537849,21.324362033,-9.74991515569,14.3658144141,-0.000528845197724,0.0047342731167,0.000113541621296,0.000118879369978,-0.814688013307,3.10246444055,27.9986114572,-2.57251167993,-0.0686841851586,0.262623251159,0.000082602010733,272496115.557,0.660157753717,44,Tarragona
45,2.16732,8.68278,12.3,21924,85.6751,20.72,6.92,767,14756,11.0677,7.71562014519,1.57639383602,-96.0813821113,447.908867002,-2.18618578119,7.79376217548,3.08953463899,7.94718081799,0.0033053684809,0.00374766552023,0.047701988695,0.508509171879,3.26398910192,19.7156542208,-9.41674959487,14.205910568,-0.000674707963429,0.00450932305579,0.000105973529161,0.000114922560523,-0.588091740675,2.98790796038,-3.50513964874,5.67245966179,0.154592091029,0.292288066712,0.000485246591549,225047436.354,0.615593351022,44,Teruel
46,46.703,3.08601,16.1,25099,7.63007,20.37,7.1,989,288521,11.2082,6.44548771216,1.13535897366,194.129010995,470.738541786,-4.80063226268,8.23695139982,11.2541239609,8.265364285,0.0087172490109,0.0036208762474,0.544131116073,0.51049675886,-27.0140471227,19.2771956315,-0.812089724076,15.2880088466,-0.00196358700892,0.00456521057694,0.00000760957857642,0.000115351464288,1.30420886825,3.01946099604,42.2809741077,4.42202500724,0.126780657739,0.360523459662,0.000445500605673,230865971.032,0.700948484825,44,València/Valencia
47,15.0875,6.20061,12.7,25744,22.6353,20.73,6.25,-51,27322,5.26453,6.16196581216,0.882968913472,-238.555777267,475.350652829,-2.11029255683,7.35197399222,8.33241900087,10.5370497447,0.00558198697602,0.0038651695299,0.152768668862,0.480851229207,4.72075440834,18.7144901125,-12.2678743439,18.3101124509,-0.00106754015194,0.00597330758121,0.000064638828146,0.000155247981013,-0.165622116508,4.01097583484,23.4770843512,-8.38958473266,-0.210020369673,0.161223370286,0.000416809775177,168900648.258,0.768847427721,44,Valladolid
48,121.203,4.3449,13.6,30654,6.84763,21.01,6.41,-1364,87551,7.68247,3.35846121201,0.251758451927,-247.497218649,483.849897812,-2.54842938875,7.77949457388,10.0621971631,9.96391411899,0.00555783268694,0.00365574206615,0.166081740385,0.473868351471,4.89569148165,19.0330500161,-14.0228382228,17.3744497242,-0.00336721316177,0.00568523038094,0.0000188869265465,0.000144942378391,-0.029460510322,3.56564254164,68.7752717779,52.4277311518,1.4490034357,0.31186836107,0.0467812698706,199849034.895,0.782642186282,44,Bizkaia/Vizcaya
49,4.96118,8.23743,12.4,20151,83.4049,20.88,4.64,209,6097,3.59694,6.63215689504,1.13986072079,-270.177518516,497.877273479,-2.10366712567,7.5682423541,8.03466837419,11.1590389938,0.00537683161627,0.00407973681037,0.141757206834,0.495281790091,6.41233623664,19.6155383538,-11.6023154914,19.7667757421,-0.000648515452385,0.00635357939019,0.0000744959504224,0.000163264460446,0.0481312401636,4.45290381144,12.8419560465,-7.88077583637,-0.229396267951,0.379626151553,0.00158310135568,167191926.883,0.74158191906,44,Zamora
50,12.0331,6.1229,14.6,26244,17.127,20.18,6.84,122,119467,12.2345,10.3869033414,1.85252611451,-135.9585646,451.347107649,-2.29434733813,7.93622219905,5.31603533731,8.28847075379,0.00431262469686,0.00375509981501,0.0917320023394,0.507410017686,3.18147984612,19.5717389635,-11.3518418408,14.4318645523,-0.00138925644899,0.00472938298393,0.0000806954482269,0.000119445422341,-0.485583505754,3.18804741796,32.4448574393,-20.4117573111,-0.53870266242,0.245340962141,0.00463821541391,234617720.267,0.720218758814,44,Zaragoza
51,793.833,2.84485,19.6,29857,4.19903,17.89,11.41,-1065,13363,15.9047,0.133117372561,0.000763585614704,178.91985424,495.258610351,3.22536940334,7.18042682215,37.1270641271,10.4235342384,0.0313041799168,0.00354390003955,0.89314324083,0.533823306521,-77.4114795349,17.6902477289,2.08395739665,16.129665444,-0.0115298250385,0.00454251637859,-0.000526298749226,0.00011658111209,11.9853907959,3.05703135626,688.94226638,104.890741433,4.02854944917,0.643659535143,1.4411920146,189530450.15,0.953790095589,44,Melilla